product_id	slug	status	product_type	title	subtitle	short_title	series_name	series_number	edition	isbn	publisher	publication_date	language	categories	format_label	price	original_price	currency	cover_file_name	cover_drive_file_id	cover_url	sample_url	short_description	description	features_json	amazon_asin	amazon_url	barnes_noble_url	reader_enabled	download_enabled	featured	new_release	forthcoming	sort_order	seo_title	seo_description	canonical_path	created_at	updated_at
prod_sun_also_rises_annotated_ebook	the-sun-also-rises-annotated-ebook	active	ebook	The Sun Also Rises (Annotated)		The Sun Also Rises (Annotated)			Annotated Edition		Valois Media		English	Fiction; Classics; Literary Fiction; War Literature	eBook			USD	TheSunAlsoRisesAnnotatedEbook	1RkpV03OIaBU4aOTe4LW0aBmnn06HRGt9	https://drive.google.com/thumbnail?id=1RkpV03OIaBU4aOTe4LW0aBmnn06HRGt9&sz=w1600		An annotated eBook edition of Ernest Hemingway's landmark novel of the Lost Generation.	Format: eBook. An Annotated Edition of Ernest Hemingway's landmark novel of the Lost Generation. Featuring a Foreword & Annotated Bibliography by the Editor Michael A. Cook and an Original Cover Art Illustration by poet Alexander Valois. First published in 1926, The Sun Also Rises follows Jake Barnes, Lady Brett Ashley, and a restless circle of expatriates moving through postwar Paris, Spanish landscapes, cafés, travel, desire, disillusionment, and the charged atmosphere of the Pamplona fiesta. Hemingway's spare prose and unsentimental style helped define modern American fiction, capturing a generation shaped by the First World War and searching for meaning in a world that no longer felt certain. The Sun Also Rises (Annotated) is perfect for modern readers, students, book clubs, collectors, and readers of literary fiction. The novel's movement from Paris to Spain gives it both intimacy and sweep: private longing, emotional restraint, wounded masculinity, social performance, bullfighting, travel, friendship, and the difficult question of what remains after ideals have been broken. Sharp, stylish, and enduring, The Sun Also Rises remains one of Hemingway's essential works and one of the defining novels of twentieth-century literature. This edition offers a clean, accessible presentation of a modern classic that continues to speak to readers drawn to love, loss, exile, and the search for dignity after war.	"[""Foreword and annotated bibliography by Michael A. Cook"",""Original cover art illustration by Alexander Valois"",""Annotated edition""]"	B0H473B454	https://www.amazon.com/dp/B0H473B454		TRUE	TRUE	TRUE	TRUE	FALSE	1	The Sun Also Rises (Annotated) eBook | Valois Media	An annotated eBook edition of Ernest Hemingway's landmark novel, edited by Michael A. Cook with original cover art by Alexander Valois.	/book/?slug=the-sun-also-rises-annotated-ebook	2026-06-06	2026-06-06
prod_sun_also_rises_annotated_paperback	the-sun-also-rises-annotated-paperback	active	paperback	The Sun Also Rises (Annotated)		The Sun Also Rises (Annotated)			Annotated Edition		Valois Media		English	Fiction; Classics; Literary Fiction; War Literature	Paperback			USD	TheSunAlsoRisesAnnotatedPaperback	1R0r5JQ3en_n0Vy9Kqaat_Hp6dlAb378m	https://drive.google.com/thumbnail?id=1R0r5JQ3en_n0Vy9Kqaat_Hp6dlAb378m&sz=w1600		An annotated paperback edition of Ernest Hemingway's landmark novel of the Lost Generation.	Format: Paperback. An Annotated Edition of Ernest Hemingway's landmark novel of the Lost Generation. Featuring a Foreword & Annotated Bibliography by the Editor Michael A. Cook and an Original Cover Art Illustration by poet Alexander Valois. First published in 1926, The Sun Also Rises follows Jake Barnes, Lady Brett Ashley, and a restless circle of expatriates moving through postwar Paris, Spanish landscapes, cafés, travel, desire, disillusionment, and the charged atmosphere of the Pamplona fiesta. Hemingway's spare prose and unsentimental style helped define modern American fiction, capturing a generation shaped by the First World War and searching for meaning in a world that no longer felt certain. The Sun Also Rises (Annotated) is perfect for modern readers, students, book clubs, collectors, and readers of literary fiction. The novel's movement from Paris to Spain gives it both intimacy and sweep: private longing, emotional restraint, wounded masculinity, social performance, bullfighting, travel, friendship, and the difficult question of what remains after ideals have been broken. Sharp, stylish, and enduring, The Sun Also Rises remains one of Hemingway's essential works and one of the defining novels of twentieth-century literature. This edition offers a clean, accessible presentation of a modern classic that continues to speak to readers drawn to love, loss, exile, and the search for dignity after war.	"[""Foreword and annotated bibliography by Michael A. Cook"",""Original cover art illustration by Alexander Valois"",""Annotated edition""]"	B0H475G6RD	https://www.amazon.com/dp/B0H475G6RD		FALSE	FALSE	FALSE	TRUE	FALSE	2	The Sun Also Rises (Annotated) Paperback | Valois Media	An annotated paperback edition of Ernest Hemingway's landmark novel, edited by Michael A. Cook with original cover art by Alexander Valois.	/book/?slug=the-sun-also-rises-annotated-paperback	2026-06-06	2026-06-06
prod_sun_also_rises_20c_ebook	the-sun-also-rises-a-20th-century-classic-ebook	active	ebook	The Sun Also Rises	A 20th Century Classic	The Sun Also Rises	A 20th Century Classic		A 20th Century Classic Edition		Valois Media		English	Fiction; Classics; Literary Fiction; War Literature	eBook			USD	TheSunAlsoRises20thCenturyClassic	17e4tpG2pUBldqMA8sc-9Snxcre1957lZ	https://drive.google.com/thumbnail?id=17e4tpG2pUBldqMA8sc-9Snxcre1957lZ&sz=w1600		A 20th Century Classic eBook edition of Ernest Hemingway's landmark novel of the Lost Generation.	Format: eBook. A 20th Century Classic Edition of Ernest Hemingway's landmark novel of the Lost Generation. Featuring a Foreword by the Editor Michael A. Cook and an Original Cover Art Illustration by poet Alexander Valois. First published in 1926, The Sun Also Rises follows Jake Barnes, Lady Brett Ashley, and a restless circle of expatriates moving through postwar Paris, Spanish landscapes, cafés, travel, desire, disillusionment, and the charged atmosphere of the Pamplona fiesta. Hemingway's spare prose and unsentimental style helped define modern American fiction, capturing a generation shaped by the First World War and searching for meaning in a world that no longer felt certain. The Sun Also Rises is perfect for modern readers, students, book clubs, collectors, and readers of literary fiction. The novel's movement from Paris to Spain gives it both intimacy and sweep: private longing, emotional restraint, wounded masculinity, social performance, bullfighting, travel, friendship, and the difficult question of what remains after ideals have been broken. Sharp, stylish, and enduring, The Sun Also Rises remains one of Hemingway's essential works and one of the defining novels of twentieth-century literature. This edition offers a clean, accessible presentation of a modern classic that continues to speak to readers drawn to love, loss, exile, and the search for dignity after war.	"[""Foreword by Michael A. Cook"",""Original cover art illustration by Alexander Valois"",""A 20th Century Classic Edition""]"				TRUE	TRUE	TRUE	TRUE	FALSE	3	The Sun Also Rises: A 20th Century Classic eBook | Valois Media	A 20th Century Classic eBook edition of Ernest Hemingway's landmark novel, with a foreword by Michael A. Cook and original art by Alexander Valois.	/book/?slug=the-sun-also-rises-a-20th-century-classic-ebook	2026-06-06	2026-06-06
prod_great_gatsby_annotated_ebook	the-great-gatsby-annotated-ebook	active	ebook	The Great Gatsby (Annotated)		The Great Gatsby (Annotated)			Annotated Edition		Valois Media		English	Fiction; Classics; Literary Fiction	Kindle Edition			USD	TheGreatGatsbyAnnotated	1rI7uezZPLheoT1p6cFdSBaJVvb8ZehhZ	https://drive.google.com/thumbnail?id=1rI7uezZPLheoT1p6cFdSBaJVvb8ZehhZ&sz=w1600		An annotated eBook edition of F. Scott Fitzgerald's defining Jazz Age novel.	Format: Kindle Edition. Set amid the glittering wealth, restless ambition, and moral uncertainty of the Jazz Age, The Great Gatsby remains one of the defining novels of twentieth-century American literature. Through the unforgettable story of Jay Gatsby, Daisy Buchanan, Nick Carraway, and the world of East Egg and West Egg, Fitzgerald captures the seduction of reinvention, the ache of lost love, and the fragile promise of the American Dream. This annotated edition is designed for readers who want more than the novel alone. Alongside Fitzgerald's original text, this edition includes a foreword, original illustration, explanatory annotations, and an annotated bibliography that helps place the novel in its literary, historical, and cultural context. The added material offers guidance without overwhelming the reading experience, making the book accessible for students, book clubs, collectors, teachers, and anyone returning to Gatsby with fresh eyes. Elegant, tragic, and endlessly discussable, The Great Gatsby continues to speak to questions of class, identity, illusion, longing, and the cost of chasing a dream that may already be gone. This edition presents the classic novel with added context and care for a new generation of readers.	"[""Foreword"",""Original illustration by Alexander Valois"",""Explanatory annotations"",""Annotated bibliography""]"				TRUE	TRUE	TRUE	TRUE	FALSE	4	The Great Gatsby (Annotated) eBook | Valois Media	An annotated edition of F. Scott Fitzgerald's classic novel with a foreword, original illustration, annotations, and bibliography.	/book/?slug=the-great-gatsby-annotated-ebook	2026-06-06	2026-06-06
prod_42_ocean_blue_ebook	42-and-the-ocean-blue-ebook	active	ebook	42 & The Ocean Blue		42 & The Ocean Blue					Valois Media		English	Fiction; Thriller; Maritime Suspense	eBook			USD	42AndTheOceanBlue	1jAEueIppa_mofZhpuhVEP_Lt3UMZxdPH	https://drive.google.com/thumbnail?id=1jAEueIppa_mofZhpuhVEP_Lt3UMZxdPH&sz=w1600		A fast-moving maritime suspense novel of secrets, survival, and human nature under pressure.	Format: eBook. A storm at sea. Forty-two souls aboard. One secret heavy enough to sink them all. When The Ocean Blue leaves Pier 39 on a foggy San Francisco morning, Captain Buddy Skella feels the unease before he can name it. The vessel is sound, the route is familiar, and the manifest lists forty-two passengers and crew. But a suspicious crate has been loaded into the hold, several passengers seem far too interested in it, and the Pacific has begun to turn against them. As the ferry pushes into open water, fog becomes storm, suspicion becomes accusation, and the passengers aboard The Ocean Blue are forced into a terrifying truth: danger is not only outside in the waves. It is locked inside the vessel with them. When murder strikes and the hidden cargo is revealed, Captain Skella must hold the ship together while fear, hunger, greed, and betrayal threaten to tear everyone apart. 42 & The Ocean Blue is a fast-moving maritime suspense novel of secrets, survival, and human nature under pressure. Set against the dark power of the Pacific, the story follows a captain fighting not only the sea, but the violence and desperation rising among the people he has sworn to protect.	"[""Maritime suspense"",""Murder mystery"",""Survival at sea"",""Set on the Pacific Ocean""]"				TRUE	TRUE	TRUE	TRUE	FALSE	5	42 & The Ocean Blue eBook by Michael A. Cook | Valois Media	A maritime suspense novel by Michael A. Cook about forty-two souls, a violent storm, a suspicious crate, and a deadly secret at sea.	/book/?slug=42-and-the-ocean-blue-ebook	2026-06-06	2026-06-06
prod_all_quiet_western_front_ebook	all-quiet-on-the-western-front-ebook	active	ebook	All Quiet on the Western Front		All Quiet on the Western Front					Valois Media		English	Fiction; Classics; War Literature	eBook			USD	AllQuietOnTheWesternFront	1wZE-1Vx1IKNEuE9aXjW6uyDrUNWmnGpx	https://drive.google.com/thumbnail?id=1wZE-1Vx1IKNEuE9aXjW6uyDrUNWmnGpx&sz=w1600		A carefully prepared eBook edition of Erich Maria Remarque's landmark anti-war novel.	Format: eBook. A carefully prepared edition of Erich Maria Remarque's landmark anti-war novel. All Quiet on the Western Front follows Paul Bäumer, a young German soldier whose life is reshaped by the trenches of the First World War. Through Paul and his classmates, Remarque presents one of literature's most powerful portraits of youth, fear, loyalty, and disillusionment under the machinery of modern war. The novel rejects romantic ideas of battle and instead shows the physical exhaustion, emotional damage, and moral emptiness that follow soldiers long after the fighting begins. This edition includes an editor's foreword by Michael A. Cook, an original illustration by poet Alexander Valois, and a contextual opening selection, offering readers a reflective entry point into the historical and human questions raised by the novel. Presented for students, book clubs, collectors, and general readers, this edition preserves the force of Remarque's original story while framing it for a new generation encountering one of the essential works of twentieth-century war literature. Direct, haunting, and unforgettable, All Quiet on the Western Front remains a defining work about the cost of war and the young lives changed by it.	"[""Editor's foreword by Michael A. Cook"",""Original illustration by Alexander Valois"",""Contextual opening selection""]"				TRUE	TRUE	TRUE	TRUE	FALSE	6	All Quiet on the Western Front eBook | Valois Media	A carefully prepared edition of Erich Maria Remarque's landmark anti-war novel with editorial and illustrated material.	/book/?slug=all-quiet-on-the-western-front-ebook	2026-06-06	2026-06-06
prod_farewell_to_arms_20c_ebook	a-farewell-to-arms-a-20th-century-classic-ebook	active	ebook	A Farewell to Arms	A 20th Century Classic	A Farewell to Arms	A 20th Century Classic		A 20th Century Classic Edition		Valois Media		English	Fiction; Classics; War Literature; Romance	eBook			USD	AFarewellToArms20thCenturyClassic	1i_x2xNXK08wK0xKsGz83C4ZL1aPwyq62	https://drive.google.com/thumbnail?id=1i_x2xNXK08wK0xKsGz83C4ZL1aPwyq62&sz=w1600		A 20th Century Classic eBook edition of Ernest Hemingway's unforgettable World War I novel.	Format: eBook. A 20th Century Classic Edition of Ernest Hemingway's unforgettable World War I novel. Featuring a Foreword by the Editor Michael A. Cook and an original illustration by poet Alexander Valois. A Farewell to Arms follows Frederic Henry, an American ambulance driver serving with the Italian army, and Catherine Barkley, a British nurse whose love becomes a fragile shelter from the violence and uncertainty around them. Set against the Italian front, the novel moves through war, retreat, injury, desire, and loss with the spare, direct force that made Hemingway one of the defining literary voices of the twentieth century. This edition of A Farewell to Arms: A 20th Century Classic is perfect for modern readers, students, book clubs, collectors, and readers of literary war fiction. Hemingway's story is not only a novel of battle, but a study of what war does to private life: how love survives under pressure, how courage can become exhaustion, and how the search for meaning continues even when history offers no mercy. Elegant, restrained, and deeply human, A Farewell to Arms remains one of the essential novels of modern American literature. This edition gives readers a clean, accessible presentation of Hemingway's classic story of love, duty, disillusionment, and survival.	"[""Foreword by Michael A. Cook"",""Original illustration by Alexander Valois"",""A 20th Century Classic Edition""]"				TRUE	TRUE	TRUE	TRUE	FALSE	7	A Farewell to Arms: A 20th Century Classic eBook | Valois Media	A 20th Century Classic edition of Ernest Hemingway's novel with a foreword by Michael A. Cook and original art by Alexander Valois.	/book/?slug=a-farewell-to-arms-a-20th-century-classic-ebook	2026-06-06	2026-06-06
prod_once_upon_a_dream_ebook	once-upon-a-dream-ebook	active	ebook	Once Upon a Dream		Once Upon a Dream					Valois Media		English	Poetry	eBook			USD	OnceUponADream	1JtjJUJr2pPs203hRZDF59Eb0dPgFckFr	https://drive.google.com/thumbnail?id=1JtjJUJr2pPs203hRZDF59Eb0dPgFckFr&sz=w1600		The first collection of poetry by author and poet Alexander Valois.	Format: eBook. The first collection of poetry by author and poet Alexander Valois. Through his poetry, Valois explores the human condition and such themes as love, loss and letting go. Valois bases his work on personal experiences and past reflections, adding to the color of his work.	"[""First poetry collection by Alexander Valois"",""Explores love, loss and letting go"",""Based on personal experiences and past reflections""]"				TRUE	TRUE	TRUE	TRUE	FALSE	8	Once Upon a Dream eBook by Alexander Valois | Valois Media	The first collection of poetry by Alexander Valois, exploring love, loss, letting go, and the human condition.	/book/?slug=once-upon-a-dream-ebook	2026-06-06	2026-06-06
prod_once_upon_a_dream_paperback	once-upon-a-dream-paperback	active	paperback	Once Upon a Dream		Once Upon a Dream				1482053470	Valois Media		English	Poetry	Paperback			USD	OnceUponADream	1JtjJUJr2pPs203hRZDF59Eb0dPgFckFr	https://drive.google.com/thumbnail?id=1JtjJUJr2pPs203hRZDF59Eb0dPgFckFr&sz=w1600		The first collection of poetry by author and poet Alexander Valois.	Format: Paperback. The first collection of poetry by author and poet Alexander Valois. Through his poetry, Valois explores the human condition and such themes as love, loss and letting go. Valois bases his work on personal experiences and past reflections, adding to the color of his work.	"[""First poetry collection by Alexander Valois"",""Explores love, loss and letting go"",""Based on personal experiences and past reflections""]"	1482053470	https://www.amazon.com/dp/1482053470		FALSE	FALSE	FALSE	FALSE	FALSE	9	Once Upon a Dream Paperback by Alexander Valois | Valois Media	The first collection of poetry by Alexander Valois, exploring love, loss, letting go, and the human condition.	/book/?slug=once-upon-a-dream-paperback	2026-06-06	2026-06-06
